Wdft_RegionIdentifier,Census_InternalPrimaryDiagonalDisplaySizeInInches,Census_OSBuildNumber,Census_InternalPrimaryDisplayResolutionVertical,RtpStateBitfield,Census_ProcessorCoreCount,OrganizationIdentifier,Census_TotalPhysicalRAM,CountryIdentifier,Census_OSInstallLanguageIdentifier,OsSuite,LocaleEnglishNameIdentifier,Census_InternalBatteryNumberOfCharges,Census_FirmwareManufacturerIdentifier,Census_PrimaryDiskTotalCapacity,UacLuaenable,AVProductsInstalled,Census_SystemVolumeTotalCapacity,Census_ProcessorManufacturerIdentifier,Census_OEMNameIdentifier,OsBuild,Census_InternalPrimaryDisplayResolutionHorizontal,Census_OSBuildRevision,Census_OEMModelIdentifier,Census_OSUILocaleIdentifier,CityIdentifier,Census_ProcessorModelIdentifier,AVProductStatesIdentifier,Census_OSSkuName,Census_OSBranch,Platform,Census_OSVersion,Census_OSArchitecture,Census_DeviceFamily,SmartScreen,OsBuildLab,Census_FlightRing,Census_ChassisTypeName,AvSigVersion,Census_OSEdition,Census_PrimaryDiskTypeName,Census_OSInstallTypeName,Census_ActivationChannel,Census_OSWUAutoUpdateOptionsName,Processor,EngineVersion,AppVersion,ProductName,SkuEdition,OsVer,Census_GenuineStateName,IsBeta,IsSxsPassiveMode,HasTpm,IsProtected,SMode,Firewall,Census_HasOpticalDiskDrive,Census_IsPortableOperatingSystem,Census_IsFlightsDisabled,Census_ThresholdOptIn,Census_IsSecureBootEnabled,Census_IsWIMBootEnabled,Census_IsVirtualDevice,Census_IsTouchEnabled,Census_IsPenCapable,Census_IsAlwaysOnAlwaysConnectedCapable,Wdft_IsGamer,HasDetections,Remaining_Disks_Capacity,C_drive_capacity,gamer_with_firewall,gamer_protected,ram_by_processor,portable_os_protected,dimensions,optical_drive_protected,Connected_total_capacity,secure_boot_protected,transformed_build_revision,vertical_display_by_inches
10.0,18.9,17134,900.0,7.0,4.0,18.0,4096.0,29,26.0,256,-85,4294967300.0,628.0,476940.0,1.0,1.0,299451.0,5.0,2668.0,17134,1440.0,165,9124.0,119,128035.0,2340.0,53447.0,pro,rs4_release,windows10,10.0.17134.165,amd64,Windows.Desktop,unknown,17134.1.amd64fre.rs4_release.180410-1804,Retail,Desktop,1.273.1735.0,pro,HDD,UUPUpgrade,retail,unknown,x64,1.1.15100.1,4.18.1807.18075,win8defender,Pro,10.0.0.0,IS_GENUINE,0,0,1,1.0,0.0,1.0,0,0,0.0,0.0,0,0.0,0.0,0,0,0.0,0.0,0,177489.0,0.6278589,1.0,1.0,1024.0,1.0,1440.0*900.0,1.0,299451.0,1.0,5.1059456,47.6
8.0,13.9,17134,768.0,7.0,4.0,18.0,4096.0,93,8.0,256,64,1.0,628.0,476940.0,1.0,1.0,102385.0,5.0,2668.0,17134,1366.0,1,91656.0,31,1482.0,2404.0,53447.0,pro,rs4_release,windows10,10.0.17134.1,amd64,Windows.Desktop,unknown,17134.1.amd64fre.rs4_release.180410-1804,NOT_SET,Notebook,1.263.48.0,pro,HDD,IBSClean,retail,unknown,x64,1.1.14600.4,4.13.17134.1,win8defender,Pro,10.0.0.0,OFFLINE,0,0,1,1.0,0.0,1.0,0,0,0.0,0.0,0,0.0,0.0,0,0,0.0,0.0,0,374555.0,0.21467061,1.0,1.0,1024.0,1.0,1366.0*768.0,1.0,102385.0,1.0,0.0,55.25
3.0,21.5,17134,1080.0,7.0,4.0,18.0,4096.0,86,7.0,768,49,4294967300.0,142.0,114473.0,1.0,1.0,113907.0,5.0,4908.0,17134,1920.0,165,317701.0,30,153579.0,1972.0,53447.0,core,rs4_release,windows10,10.0.17134.165,amd64,Windows.Desktop,requireadmin,17134.1.amd64fre.rs4_release.180410-1804,Retail,Desktop,1.273.1341.0,core,SSD,UUPUpgrade,oem,FullAuto,x64,1.1.15100.1,4.18.1807.18075,win8defender,Home,10.0.0.0,IS_GENUINE,0,0,1,1.0,0.0,1.0,0,0,0.0,0.0,0,0.0,0.0,0,0,0.0,0.0,0,566.0,0.9950556,1.0,1.0,1024.0,1.0,1920.0*1080.0,1.0,113907.0,1.0,5.1059456,50.22
3.0,18.5,17134,768.0,7.0,4.0,-1.0,4096.0,88,17.0,256,115,4294967300.0,355.0,238475.0,1.0,1.0,227116.0,5.0,1443.0,17134,1366.0,228,275890.0,64,20710.0,2272.0,53447.0,pro,rs4_release,windows10,10.0.17134.228,amd64,Windows.Desktop,existnotset,17134.1.amd64fre.rs4_release.180410-1804,Retail,MiniTower,1.273.1527.0,pro,unknown,UUPUpgrade,oem,FullAuto,x64,1.1.15100.1,4.18.1807.18075,win8defender,Pro,10.0.0.0,IS_GENUINE,0,0,1,1.0,0.0,1.0,0,0,0.0,0.0,0,0.0,0.0,0,0,0.0,0.0,1,11359.0,0.9523682,1.0,1.0,1024.0,1.0,1366.0*768.0,1.0,227116.0,1.0,5.4293456,41.5
1.0,14.0,17134,768.0,7.0,4.0,-1.0,6144.0,18,8.0,768,75,0.0,355.0,476940.0,1.0,1.0,101900.0,5.0,1443.0,17134,1366.0,191,331929.0,31,37376.0,2500.0,53447.0,core,rs4_release,windows10,10.0.17134.191,amd64,Windows.Desktop,requireadmin,17134.1.amd64fre.rs4_release.180410-1804,Retail,Portable,1.273.1379.0,core,HDD,Update,retail,FullAuto,x64,1.1.15100.1,4.18.1807.18075,win8defender,Home,10.0.0.0,IS_GENUINE,0,0,1,1.0,0.0,1.0,0,0,0.0,0.0,0,0.0,0.0,0,0,0.0,0.0,1,375040.0,0.21365371,1.0,1.0,1536.0,1.0,1366.0*768.0,1.0,101900.0,1.0,5.2522736,54.84
15.0,21.5,17134,1080.0,7.0,2.0,27.0,8190.0,97,18.0,256,124,4294967300.0,93.0,114473.0,1.0,1.0,113671.0,5.0,3800.0,17134,1920.0,165,340727.0,72,13598.0,4324.0,53447.0,pro,rs4_release,windows10,10.0.17134.165,amd64,Windows.Desktop,requireadmin,17134.1.amd64fre.rs4_release.180410-1804,Retail,Desktop,1.273.1094.0,pro,SSD,UUPUpgrade,retail,FullAuto,x64,1.1.15100.1,4.18.1807.18075,win8defender,Pro,10.0.0.0,IS_GENUINE,0,0,1,1.0,0.0,1.0,0,0,0.0,0.0,0,0.0,0.0,0,0,0.0,0.0,1,802.0,0.992994,1.0,1.0,4096.0,1.0,1920.0*1080.0,1.0,113671.0,1.0,5.1059456,50.22
10.0,17.2,17134,900.0,7.0,2.0,-1.0,4096.0,78,14.0,768,88,0.0,556.0,476940.0,1.0,2.0,458702.0,1.0,3800.0,17134,1600.0,165,207404.0,49,81215.0,657.0,43927.0,core,rs4_release,windows10,10.0.17134.165,amd64,Windows.Desktop,unknown,17134.1.amd64fre.rs4_release.180410-1804,Retail,Notebook,1.273.845.0,core,HDD,IBSClean,retail,FullAuto,x64,1.1.15100.1,4.18.1807.18075,win8defender,Home,10.0.0.0,IS_GENUINE,0,0,1,1.0,0.0,1.0,0,0,0.0,0.0,1,0.0,0.0,0,0,0.0,0.0,1,18238.0,0.9617604,1.0,1.0,2048.0,1.0,1600.0*900.0,1.0,458702.0,0.0,5.1059456,52.3
15.0,15.5,14393,768.0,7.0,2.0,27.0,4096.0,97,18.0,768,124,0.0,512.0,305245.0,1.0,1.0,290807.0,5.0,5680.0,14393,1366.0,0,338896.0,72,150323.0,3380.0,53447.0,core,rs1_release,windows10,10.0.14393.0,amd64,Windows.Desktop,requireadmin,14393.0.amd64fre.rs1_release.160715-1616,Retail,Notebook,1.273.1393.0,core,HDD,Upgrade,retail,FullAuto,x64,1.1.15100.1,4.18.1807.18075,win8defender,Home,10.0.0.0,IS_GENUINE,0,0,1,1.0,0.0,1.0,1,0,0.0,0.0,0,0.0,0.0,0,0,0.0,0.0,0,14438.0,0.9527003,1.0,1.0,2048.0,1.0,1366.0*768.0,0.0,290807.0,1.0,-inf,49.56
15.0,15.6,17134,1080.0,7.0,4.0,27.0,4096.0,164,27.0,256,-84,0.0,500.0,305245.0,1.0,1.0,303892.0,5.0,2206.0,17134,1920.0,254,240688.0,120,155006.0,2836.0,53447.0,pro,rs4_release,windows10,10.0.17134.254,amd64,Windows.Desktop,requireadmin,17134.1.amd64fre.rs4_release.180410-1804,Retail,Notebook,1.275.988.0,pro,HDD,Update,retail,FullAuto,x64,1.1.15200.1,4.18.1807.18075,win8defender,Pro,10.0.0.0,IS_GENUINE,0,0,1,1.0,0.0,1.0,0,0,0.0,0.0,0,0.0,0.0,0,0,0.0,0.0,0,1353.0,0.9955675,1.0,1.0,1024.0,1.0,1920.0*1080.0,1.0,303892.0,1.0,5.5373344,69.25
8.0,15.5,16299,768.0,7.0,4.0,27.0,8190.0,93,8.0,768,64,0.0,556.0,953869.0,1.0,2.0,203252.0,5.0,585.0,16299,1366.0,431,189457.0,31,98572.0,2372.0,46413.0,core,rs3_release_svc_escrow,windows10,10.0.16299.431,amd64,Windows.Desktop,requireadmin,16299.431.amd64fre.rs3_release_svc_escrow.180502-1908,Retail,Notebook,1.273.973.0,core,HDD,Upgrade,oem,unknown,x64,1.1.15100.1,4.18.1807.18075,win8defender,Home,10.0.0.0,IS_GENUINE,0,0,1,1.0,0.0,1.0,1,0,0.0,0.0,1,0.0,0.0,0,0,0.0,1.0,1,750617.0,0.21308167,0.0,0.0,2048.0,1.0,1366.0*768.0,0.0,203252.0,0.0,6.066108,49.56
15.0,13.9,17134,768.0,7.0,2.0,27.0,4096.0,164,27.0,768,-84,7.0,628.0,122104.0,1.0,2.0,120827.0,5.0,2668.0,17134,1366.0,228,172079.0,120,120983.0,2096.0,47238.0,core,rs4_release,windows10,10.0.17134.228,amd64,Windows.Desktop,unknown,17134.1.amd64fre.rs4_release.180410-1804,Retail,Notebook,1.273.1826.0,core,SSD,Upgrade,oem,FullAuto,x64,1.1.15100.1,4.18.1807.18075,win8defender,Home,10.0.0.0,IS_GENUINE,0,0,1,1.0,0.0,1.0,0,0,0.0,0.0,1,0.0,0.0,0,0,0.0,0.0,1,1277.0,0.9895417,1.0,1.0,2048.0,1.0,1366.0*768.0,1.0,120827.0,0.0,5.4293456,55.25
3.0,18.5,17134,768.0,7.0,4.0,27.0,4096.0,80,6.0,256,107,4294967300.0,486.0,476940.0,1.0,2.0,456309.0,5.0,2102.0,17134,1366.0,191,250496.0,28,7198.0,2408.0,36429.0,pro,rs4_release,windows10,10.0.17134.191,amd64,Windows.Desktop,unknown,17134.1.amd64fre.rs4_release.180410-1804,Retail,Desktop,1.273.1372.0,pro,HDD,UUPUpgrade,oem,FullAuto,x64,1.1.15100.1,4.18.1807.18075,win8defender,Pro,10.0.0.0,IS_GENUINE,0,0,1,1.0,0.0,1.0,0,0,0.0,0.0,1,0.0,0.0,0,0,0.0,1.0,0,20631.0,0.956743,0.0,0.0,1024.0,1.0,1366.0*768.0,1.0,456309.0,0.0,5.2522736,41.5
3.0,21.5,17134,1080.0,7.0,2.0,-1.0,8190.0,171,29.0,256,-74,4294967300.0,142.0,953869.0,1.0,1.0,953034.0,5.0,4588.0,17134,1920.0,228,313586.0,125,124736.0,3470.0,53447.0,pro,rs4_release,windows10,10.0.17134.228,amd64,Windows.Desktop,requireadmin,17134.1.amd64fre.rs4_release.180410-1804,Retail,Desktop,1.275.895.0,pro,HDD,UUPUpgrade,oem,FullAuto,x64,1.1.15200.1,4.18.1807.18075,win8defender,Pro,10.0.0.0,IS_GENUINE,0,0,1,1.0,0.0,1.0,0,0,0.0,0.0,0,0.0,0.0,0,0,0.0,0.0,0,835.0,0.99912465,1.0,1.0,4096.0,1.0,1920.0*1080.0,1.0,953034.0,1.0,5.4293456,50.22
3.0,15.5,17134,1080.0,7.0,8.0,27.0,8190.0,169,7.0,768,74,33.0,142.0,953869.0,1.0,2.0,252439.0,5.0,525.0,17134,1920.0,191,225830.0,30,141516.0,3082.0,7945.0,core,rs4_release,windows10,10.0.17134.191,amd64,Windows.Desktop,off,17134.1.amd64fre.rs4_release.180410-1804,Retail,Notebook,1.273.925.0,core,HDD,Clean,retail,FullAuto,x64,1.1.15100.1,4.18.1807.18075,win8defender,Home,10.0.0.0,IS_GENUINE,0,0,1,1.0,0.0,1.0,0,0,0.0,0.0,0,0.0,0.0,0,0,0.0,1.0,1,701430.0,0.26464745,0.0,0.0,1024.0,1.0,1920.0*1080.0,1.0,252439.0,1.0,5.2522736,69.7
1.0,13.9,17134,768.0,7.0,4.0,27.0,4096.0,157,8.0,256,75,0.0,355.0,476940.0,1.0,2.0,463540.0,5.0,1443.0,17134,1366.0,228,256567.0,31,114477.0,2372.0,47238.0,pro,rs4_release,windows10,10.0.17134.228,amd64,Windows.Desktop,existnotset,17134.1.amd64fre.rs4_release.180410-1804,Retail,Laptop,1.275.130.0,pro,HDD,UUPUpgrade,oem,FullAuto,x64,1.1.15200.1,4.18.1807.18075,win8defender,Pro,10.0.0.0,IS_GENUINE,0,0,1,1.0,0.0,1.0,0,0,0.0,0.0,1,0.0,0.0,0,0,0.0,0.0,1,13400.0,0.9719042,1.0,1.0,1024.0,1.0,1366.0*768.0,1.0,463540.0,0.0,5.4293456,55.25
1.0,15.5,16299,768.0,7.0,4.0,18.0,4096.0,158,8.0,768,70,0.0,644.0,476940.0,1.0,2.0,432003.0,1.0,2668.0,16299,1366.0,309,171331.0,31,79230.0,212.0,47238.0,core,rs3_release,windows10,10.0.16299.309,amd64,Windows.Desktop,requireadmin,16299.15.amd64fre.rs3_release.170928-1534,Retail,Notebook,1.273.1795.0,core,HDD,UUPUpgrade,oem,Notify,x64,1.1.15100.1,4.18.1807.18075,win8defender,Home,10.0.0.0,IS_GENUINE,0,0,1,1.0,0.0,1.0,0,0,0.0,0.0,1,0.0,0.0,0,0,0.0,1.0,1,44937.0,0.9057806,0.0,0.0,1024.0,1.0,1366.0*768.0,1.0,432003.0,0.0,5.733341,49.56
11.0,13.9,17134,768.0,7.0,4.0,-1.0,4096.0,147,8.0,256,74,0.0,486.0,476940.0,1.0,1.0,455657.0,5.0,2102.0,17134,1366.0,228,249943.0,31,77794.0,2660.0,53447.0,pro,rs4_release,windows10,10.0.17134.228,amd64,Windows.Desktop,requireadmin,17134.1.amd64fre.rs4_release.180410-1804,Retail,Notebook,1.275.488.0,pro,HDD,Update,oem,FullAuto,x64,1.1.15200.1,4.18.1807.18075,win8defender,Pro,10.0.0.0,IS_GENUINE,0,0,1,1.0,0.0,1.0,0,0,0.0,0.0,1,0.0,0.0,0,0,0.0,0.0,0,21283.0,0.9553759,1.0,1.0,1024.0,1.0,1366.0*768.0,1.0,455657.0,0.0,5.4293456,55.25
2.0,13.2,17134,1080.0,7.0,4.0,27.0,8190.0,12,8.0,768,58,0.0,142.0,228936.0,1.0,2.0,228106.0,5.0,2652.0,17134,1920.0,228,304618.0,31,110781.0,2696.0,7945.0,core,rs4_release,windows10,10.0.17134.228,amd64,Windows.Desktop,requireadmin,17134.1.amd64fre.rs4_release.180410-1804,Retail,Laptop,1.275.173.0,core,SSD,UUPUpgrade,oem,FullAuto,x64,1.1.15200.1,4.18.1807.18075,win8defender,Home,10.0.0.0,IS_GENUINE,0,0,1,1.0,0.0,1.0,0,0,0.0,0.0,0,0.0,0.0,0,0,0.0,1.0,0,830.0,0.99637455,0.0,0.0,2048.0,1.0,1920.0*1080.0,1.0,228106.0,1.0,5.4293456,81.8
7.0,24.0,17134,1080.0,7.0,4.0,27.0,6144.0,203,39.0,256,46,4294967300.0,142.0,953869.0,1.0,1.0,543445.0,5.0,585.0,17134,1920.0,137,189698.0,160,143782.0,2452.0,53447.0,pro,rs4_release,windows10,10.0.17134.137,x86,Windows.Desktop,existnotset,17134.1.x86fre.rs4_release.180410-1804,Retail,Desktop,1.275.879.0,pro,HDD,UUPUpgrade,retail,Notify,x86,1.1.15200.1,4.18.1806.18062,win8defender,Pro,10.0.0.0,IS_GENUINE,0,0,1,1.0,0.0,1.0,0,0,0.0,0.0,0,0.0,0.0,0,0,0.0,0.0,0,410424.0,0.56972706,1.0,1.0,1536.0,1.0,1920.0*1080.0,1.0,543445.0,1.0,4.919981,45.0
7.0,17.7,16299,900.0,7.0,2.0,27.0,2048.0,43,37.0,256,42,4294967300.0,142.0,476940.0,1.0,1.0,51207.0,1.0,4588.0,16299,1440.0,125,313586.0,158,37357.0,451.0,53447.0,pro,rs3_release,windows10,10.0.16299.125,x86,Windows.Desktop,requireadmin,16299.15.x86fre.rs3_release.170928-1534,Retail,Desktop,1.275.91.0,pro,unknown,Update,retail,unknown,x86,1.1.15200.1,4.18.1807.18075,win8defender,Pro,10.0.0.0,IS_GENUINE,0,0,1,1.0,0.0,1.0,0,0,0.0,0.0,0,0.0,0.0,0,0,0.0,0.0,0,425733.0,0.107365705,1.0,1.0,1024.0,1.0,1440.0*900.0,1.0,51207.0,1.0,4.828314,50.84
3.0,23.0,17134,1080.0,7.0,4.0,-1.0,4096.0,205,29.0,256,10,4294967300.0,93.0,476940.0,1.0,1.0,109434.0,5.0,2206.0,17134,1920.0,191,251773.0,125,11382.0,2268.0,53447.0,pro,rs4_release,windows10,10.0.17134.191,amd64,Windows.Desktop,unknown,17134.1.amd64fre.rs4_release.180410-1804,Retail,Desktop,1.273.1376.0,pro,HDD,UUPUpgrade,oem,FullAuto,x64,1.1.15100.1,4.18.1807.18075,win8defender,Pro,10.0.0.0,IS_GENUINE,0,0,1,1.0,0.0,1.0,0,0,0.0,0.0,0,0.0,0.0,1,0,0.0,0.0,1,367506.0,0.22945024,1.0,1.0,1024.0,1.0,1920.0*1080.0,1.0,109434.0,1.0,5.2522736,46.97
3.0,15.5,17134,768.0,7.0,4.0,-1.0,4096.0,171,29.0,768,-74,276.0,142.0,476940.0,1.0,1.0,476325.0,5.0,525.0,17134,1366.0,112,331297.0,125,110673.0,2660.0,53447.0,core,rs4_release,windows10,10.0.17134.112,amd64,Windows.Desktop,unknown,17134.1.amd64fre.rs4_release.180410-1804,Retail,Notebook,1.277.25.0,core,HDD,IBSClean,oem,unknown,x64,1.1.15300.6,4.13.17134.1,win8defender,Home,10.0.0.0,IS_GENUINE,0,0,1,1.0,0.0,1.0,0,0,0.0,0.0,0,0.0,0.0,0,0,0.0,0.0,0,615.0,0.9987105,1.0,1.0,1024.0,1.0,1366.0*768.0,1.0,476325.0,1.0,4.7184987,49.56
11.0,20.7,17134,1080.0,7.0,4.0,27.0,4096.0,199,14.0,256,75,4294967300.0,93.0,476940.0,1.0,1.0,249385.0,5.0,2102.0,17134,1920.0,228,230160.0,49,150207.0,2408.0,53447.0,pro,rs4_release,windows10,10.0.17134.228,amd64,Windows.Desktop,unknown,17134.1.amd64fre.rs4_release.180410-1804,Retail,Desktop,1.275.26.0,pro,HDD,Reset,volume,FullAuto,x64,1.1.15200.1,4.18.1807.18075,win8defender,Pro,10.0.0.0,IS_GENUINE,0,0,1,1.0,0.0,1.0,0,0,0.0,0.0,0,0.0,0.0,0,0,0.0,0.0,1,227555.0,0.5228855,1.0,1.0,1024.0,1.0,1920.0*1080.0,1.0,249385.0,1.0,5.4293456,52.16
10.0,18.5,16299,768.0,7.0,8.0,27.0,8190.0,9,10.0,256,-42,4294967300.0,142.0,953869.0,1.0,1.0,953318.0,5.0,1980.0,16299,1366.0,15,227527.0,35,20805.0,3080.0,53447.0,pro,rs3_release,windows10,10.0.16299.15,amd64,Windows.Desktop,unknown,16299.15.amd64fre.rs3_release.170928-1534,Retail,Desktop,1.273.1561.0,pro,HDD,IBSClean,oem,unknown,x64,1.1.15100.1,4.18.1807.18075,win8defender,Pro,10.0.0.0,IS_GENUINE,0,0,1,1.0,0.0,1.0,0,0,0.0,0.0,0,0.0,0.0,0,0,0.0,0.0,1,551.0,0.9994224,1.0,1.0,1024.0,1.0,1366.0*768.0,1.0,953318.0,1.0,2.7080503,41.5
12.0,15.5,14393,768.0,7.0,2.0,27.0,4096.0,68,7.0,256,74,0.0,897.0,305245.0,1.0,1.0,152125.0,5.0,4730.0,14393,1366.0,576,311910.0,30,59605.0,3268.0,53447.0,pro,rs1_release,windows10,10.0.14393.576,x86,Windows.Desktop,requireadmin,14393.576.x86fre.rs1_release_inmarket.161208-2252,Retail,Notebook,1.275.1025.0,pro,HDD,Update,retail,Notify,x86,1.1.15200.1,4.18.1807.18075,win8defender,Pro,10.0.0.0,IS_GENUINE,0,0,1,1.0,0.0,1.0,0,0,0.0,0.0,0,0.0,0.0,0,0,0.0,1.0,0,153120.0,0.49837017,0.0,0.0,2048.0,1.0,1366.0*768.0,1.0,152125.0,1.0,6.3561077,49.56
11.0,15.5,17134,768.0,7.0,4.0,27.0,12290.0,201,35.0,768,-5,260.0,142.0,953869.0,1.0,2.0,465833.0,1.0,2206.0,17134,1366.0,285,244755.0,148,-1.0,62.0,36505.0,core,rs4_release,windows10,10.0.17134.285,amd64,Windows.Desktop,requireadmin,17134.1.amd64fre.rs4_release.180410-1804,Retail,Notebook,1.237.607.0,core,HDD,Upgrade,retail,FullAuto,x64,1.1.13504.0,4.13.17134.228,win8defender,Home,10.0.0.0,IS_GENUINE,0,0,1,0.0,0.0,1.0,0,0,0.0,0.0,1,0.0,0.0,0,0,0.0,0.0,0,488036.0,0.4883616,1.0,0.0,3072.0,0.0,1366.0*768.0,0.0,465833.0,1.0,5.652489,49.56
10.0,13.9,15063,768.0,7.0,2.0,27.0,2048.0,141,9.0,768,-23,0.0,628.0,476940.0,1.0,2.0,450063.0,5.0,2668.0,15063,1366.0,1266,171476.0,34,60626.0,2096.0,46669.0,core,rs2_release,windows10,10.0.15063.1266,amd64,Windows.Desktop,unknown,15063.0.amd64fre.rs2_release.170317-1834,Retail,Notebook,1.275.511.0,core,HDD,Reset,oem,Notify,x64,1.1.15200.1,4.18.1807.18075,win8defender,Home,10.0.0.0,IS_GENUINE,0,0,1,1.0,0.0,1.0,0,0,0.0,0.0,1,0.0,0.0,0,0,0.0,1.0,1,26877.0,0.943647,0.0,0.0,1024.0,1.0,1366.0*768.0,1.0,450063.0,0.0,7.1436176,55.25
12.0,27.0,17134,1200.0,7.0,4.0,27.0,16380.0,68,8.0,768,74,4294967300.0,168.0,244198.0,1.0,1.0,244096.0,5.0,1980.0,17134,1920.0,1,333466.0,31,162796.0,2508.0,53447.0,core,rs4_release,windows10,10.0.17134.1,amd64,Windows.Desktop,unknown,17134.1.amd64fre.rs4_release.180410-1804,unknown,Desktop,1.275.482.0,core,SSD,UUPUpgrade,retail,Notify,x64,1.1.15200.1,4.18.1807.18075,win8defender,Home,10.0.0.0,IS_GENUINE,0,0,1,1.0,0.0,1.0,1,0,0.0,0.0,0,0.0,0.0,1,0,0.0,0.0,1,102.0,0.9995823,1.0,1.0,4096.0,1.0,1920.0*1200.0,0.0,244096.0,1.0,0.0,44.44
1.0,27.0,17134,1080.0,7.0,4.0,27.0,16380.0,107,20.0,256,-122,4294967300.0,142.0,244198.0,1.0,1.0,32768.0,5.0,1980.0,17134,1920.0,228,228229.0,83,-1.0,2620.0,53447.0,pro,rs4_release,windows10,10.0.17134.228,amd64,Windows.Desktop,unknown,17134.1.amd64fre.rs4_release.180410-1804,Retail,Desktop,1.275.249.0,pro,SSD,IBSClean,retail,FullAuto,x64,1.1.15200.1,4.18.1807.18075,win8defender,Pro,10.0.0.0,IS_GENUINE,0,0,1,1.0,0.0,1.0,0,0,0.0,0.0,0,0.0,0.0,0,0,0.0,1.0,1,211430.0,0.1341862,0.0,0.0,4096.0,1.0,1920.0*1080.0,1.0,32768.0,1.0,5.4293456,40.0
3.0,15.5,17134,768.0,7.0,4.0,27.0,4096.0,160,25.0,768,-86,0.0,556.0,476940.0,1.0,2.0,476323.0,5.0,585.0,17134,1366.0,191,189454.0,115,33804.0,2372.0,46112.0,core,rs4_release,windows10,10.0.17134.191,amd64,Windows.Desktop,requireadmin,17134.1.amd64fre.rs4_release.180410-1804,Retail,Notebook,1.273.781.0,core,HDD,Upgrade,oem,FullAuto,x64,1.1.15100.1,4.18.1807.18075,win8defender,Home,10.0.0.0,IS_GENUINE,0,0,1,1.0,0.0,1.0,0,0,0.0,0.0,1,0.0,0.0,0,0,0.0,0.0,0,617.0,0.99870634,1.0,1.0,1024.0,1.0,1366.0*768.0,1.0,476323.0,0.0,5.2522736,49.56
